[{"model": "admin.logentry", "pk": 1, "fields": {"action_time": "2024-02-10T06:36:56.091Z", "user": 3, "content_type": 9, "object_id": "4", "object_repr": "Post object (4)", "action_flag": 1, "change_message": "[{\"added\": {}}]"}}, {"model": "admin.logentry", "pk": 2, "fields": {"action_time": "2024-02-10T19:04:25.326Z", "user": 3, "content_type": 9, "object_id": "1", "object_repr": "Nvidia Создаст Подразделение Для Выпуска Чипов На Заказ: По данным Reuters, Nvidia планирует создать подразделение, которое будет заниматься разработкой индивидуальных микропроцессоров на заказ. Оно б", "action_flag": 2, "change_message": "[{\"changed\": {\"fields\": [\"Title\", \"Text\", \"Rating\"]}}]"}}, {"model": "admin.logentry", "pk": 3, "fields": {"action_time": "2024-02-10T19:06:03.420Z", "user": 3, "content_type": 9, "object_id": "2", "object_repr": "Microsoft Copilot Появился В «Блокноте» Windows 11: Microsoft представила обновление «Блокнота» для Windows 11. Теперь в нём работает Copilot. Он поможет анализировать содержимое текстовых файлов. \r\nО", "action_flag": 2, "change_message": "[{\"changed\": {\"fields\": [\"CategoryType\", \"Title\", \"Text\", \"Rating\"]}}]"}}, {"model": "admin.logentry", "pk": 4, "fields": {"action_time": "2024-02-10T19:06:54.529Z", "user": 3, "content_type": 9, "object_id": "3", "object_repr": "Valve Снова Массово Заблокировала Читеров В Dota 2: Valve организовала волну блокировок читеров в Dota 2, в том числе пользователей сторонней программы Overplus. Создатели утилиты утверждают, что комп", "action_flag": 2, "change_message": "[{\"changed\": {\"fields\": [\"CategoryType\", \"Title\", \"Text\", \"Rating\"]}}]"}}, {"model": "admin.logentry", "pk": 5, "fields": {"action_time": "2024-02-10T19:07:25.781Z", "user": 3, "content_type": 9, "object_id": "4", "object_repr": "В Алабаме Украли 60-Метровую Радиовышку: В городе Джаспер, штат Алабама, неизвестные обокрали местную радиостанцию, умудрившись унести даже 60-метровую радиовышку из нержавеющей стали. Судя по всему, ", "action_flag": 2, "change_message": "[{\"changed\": {\"fields\": [\"Title\", \"Text\"]}}]"}}, {"model": "admin.logentry", "pk": 6, "fields": {"action_time": "2024-02-10T19:07:32.454Z", "user": 3, "content_type": 9, "object_id": "4", "object_repr": "В Алабаме Украли 60-Метровую Радиовышку: В городе Джаспер, штат Алабама, неизвестные обокрали местную радиостанцию, умудрившись унести даже 60-метровую радиовышку из нержавеющей стали. Судя по всему, ", "action_flag": 2, "change_message": "[{\"changed\": {\"fields\": [\"Rating\"]}}]"}}, {"model": "admin.logentry", "pk": 7, "fields": {"action_time": "2024-02-17T12:34:08.521Z", "user": 3, "content_type": 9, "object_id": "5", "object_repr": "Google Запустила Внутри Компании Модель Goose Для Помощи Программистам: Goose основана на базе большой языковой модели Gemini. Она может отвечать на запросы о технологиях компании, писать код с помощь", "action_flag": 1, "change_message": "[{\"added\": {}}]"}}, {"model": "admin.logentry", "pk": 8, "fields": {"action_time": "2024-02-17T12:34:44.221Z", "user": 3, "content_type": 9, "object_id": "6", "object_repr": "Баг В Microsoft Edge Не Позволяет Открывать Загруженный Файл Одним Щелчком Мыши, Приходится Кликать Много Раз: Баг в последних версиях Microsoft Edge (120 и 121) не позволяет открывать загруженный фай", "action_flag": 1, "change_message": "[{\"added\": {}}]"}}, {"model": "admin.logentry", "pk": 9, "fields": {"action_time": "2024-02-17T12:35:22.869Z", "user": 3, "content_type": 9, "object_id": "7", "object_repr": "Windows 11 Позволит Подключаться К Сетям Wi-Fi С Помощью Qr-Кодов И Приложения «Камера»: Чтобы опробовать функцию, нужно:\r\n\r\nобновить систему до сборки 26052 и запустить приложение «Камера». Для скани", "action_flag": 1, "change_message": "[{\"added\": {}}]"}}, {"model": "admin.logentry", "pk": 10, "fields": {"action_time": "2024-02-17T12:35:54.943Z", "user": 3, "content_type": 9, "object_id": "8", "object_repr": "Президент Microsoft Рассказал, Как Компания Будет Бороться С «Оскорбительным Контентом, Созданным Ии»: Президент Microsoft Брэд Смит рассказал о том, как компания будет бороться с «оскорбительным конт", "action_flag": 1, "change_message": "[{\"added\": {}}]"}}, {"model": "admin.logentry", "pk": 11, "fields": {"action_time": "2024-02-17T12:36:24.185Z", "user": 3, "content_type": 9, "object_id": "9", "object_repr": "Rce-Уязвимость В Outlook Приводит К Удаленному Выполнению Кода: Уязвимость, обнаруженная компанией Check Point, получила обозначение CVE-2024-21413. Она активируется при открытии электронных писем с в", "action_flag": 1, "change_message": "[{\"added\": {}}]"}}, {"model": "admin.logentry", "pk": 12, "fields": {"action_time": "2024-02-17T12:36:56.452Z", "user": 3, "content_type": 9, "object_id": "10", "object_repr": "«Галополимер» Переводит Производственные Процессы На Отечественную Цифровую Платформу: «ГалоПолимер Кирово-Чепецк» – филиал одного из крупнейших химических предприятий в России – завершил реализацию п", "action_flag": 1, "change_message": "[{\"added\": {}}]"}}, {"model": "admin.logentry", "pk": 13, "fields": {"action_time": "2024-02-17T12:37:27.636Z", "user": 3, "content_type": 9, "object_id": "11", "object_repr": "Apple Работает Над Аналогом Github Copilot Для Spotlight И Xcode: Компания работала над этим инструментом в течение прошлого года, чтобы сделать его частью основной версии Xcode, флагманского ПО Apple", "action_flag": 1, "change_message": "[{\"added\": {}}]"}}, {"model": "admin.logentry", "pk": 14, "fields": {"action_time": "2024-02-17T12:37:58.849Z", "user": 3, "content_type": 9, "object_id": "12", "object_repr": "В Dlbi Проанализировали Скомпрометированные Уникальные Пары Почты И Паролей За 2023 Год: В DLBI использовали данные из сообществ, которые занимаются восстановлением паролей из хешей (например, hashmob", "action_flag": 1, "change_message": "[{\"added\": {}}]"}}, {"model": "admin.logentry", "pk": 15, "fields": {"action_time": "2024-02-17T15:48:49.901Z", "user": 3, "content_type": 11, "object_id": "1", "object_repr": "PostCategory object (1)", "action_flag": 2, "change_message": "[{\"changed\": {\"fields\": [\"PostThrough\"]}}]"}}, {"model": "admin.logentry", "pk": 16, "fields": {"action_time": "2024-02-17T15:49:05.623Z", "user": 3, "content_type": 11, "object_id": "2", "object_repr": "PostCategory object (2)", "action_flag": 2, "change_message": "[{\"changed\": {\"fields\": [\"PostThrough\", \"CategoryThrough\"]}}]"}}, {"model": "admin.logentry", "pk": 17, "fields": {"action_time": "2024-02-17T15:49:18.271Z", "user": 3, "content_type": 11, "object_id": "3", "object_repr": "PostCategory object (3)", "action_flag": 2, "change_message": "[{\"changed\": {\"fields\": [\"PostThrough\", \"CategoryThrough\"]}}]"}}, {"model": "admin.logentry", "pk": 18, "fields": {"action_time": "2024-02-17T15:49:24.248Z", "user": 3, "content_type": 11, "object_id": "4", "object_repr": "PostCategory object (4)", "action_flag": 2, "change_message": "[{\"changed\": {\"fields\": [\"PostThrough\", \"CategoryThrough\"]}}]"}}, {"model": "admin.logentry", "pk": 19, "fields": {"action_time": "2024-02-17T15:49:33.532Z", "user": 3, "content_type": 11, "object_id": "2", "object_repr": "PostCategory object (2)", "action_flag": 2, "change_message": "[{\"changed\": {\"fields\": [\"PostThrough\", \"CategoryThrough\"]}}]"}}, {"model": "admin.logentry", "pk": 20, "fields": {"action_time": "2024-02-17T15:49:45.932Z", "user": 3, "content_type": 11, "object_id": "1", "object_repr": "PostCategory object (1)", "action_flag": 2, "change_message": "[{\"changed\": {\"fields\": [\"PostThrough\"]}}]"}}, {"model": "admin.logentry", "pk": 21, "fields": {"action_time": "2024-02-17T15:49:55.352Z", "user": 3, "content_type": 11, "object_id": "1", "object_repr": "PostCategory object (1)", "action_flag": 2, "change_message": "[{\"changed\": {\"fields\": [\"PostThrough\"]}}]"}}, {"model": "admin.logentry", "pk": 22, "fields": {"action_time": "2024-02-17T15:50:04.980Z", "user": 3, "content_type": 11, "object_id": "1", "object_repr": "PostCategory object (1)", "action_flag": 2, "change_message": "[{\"changed\": {\"fields\": [\"PostThrough\"]}}]"}}, {"model": "admin.logentry", "pk": 23, "fields": {"action_time": "2024-02-17T15:50:11.147Z", "user": 3, "content_type": 11, "object_id": "1", "object_repr": "PostCategory object (1)", "action_flag": 2, "change_message": "[{\"changed\": {\"fields\": [\"PostThrough\"]}}]"}}, {"model": "admin.logentry", "pk": 24, "fields": {"action_time": "2024-02-17T15:50:17.228Z", "user": 3, "content_type": 11, "object_id": "2", "object_repr": "PostCategory object (2)", "action_flag": 2, "change_message": "[{\"changed\": {\"fields\": [\"PostThrough\"]}}]"}}, {"model": "admin.logentry", "pk": 25, "fields": {"action_time": "2024-02-17T15:50:24.764Z", "user": 3, "content_type": 11, "object_id": "2", "object_repr": "PostCategory object (2)", "action_flag": 2, "change_message": "[{\"changed\": {\"fields\": [\"PostThrough\"]}}]"}}, {"model": "admin.logentry", "pk": 26, "fields": {"action_time": "2024-02-17T15:50:31.563Z", "user": 3, "content_type": 11, "object_id": "2", "object_repr": "PostCategory object (2)", "action_flag": 2, "change_message": "[{\"changed\": {\"fields\": [\"PostThrough\"]}}]"}}, {"model": "admin.logentry", "pk": 27, "fields": {"action_time": "2024-02-17T15:50:46.713Z", "user": 3, "content_type": 11, "object_id": "3", "object_repr": "PostCategory object (3)", "action_flag": 2, "change_message": "[{\"changed\": {\"fields\": [\"PostThrough\", \"CategoryThrough\"]}}]"}}, {"model": "admin.logentry", "pk": 28, "fields": {"action_time": "2024-02-17T15:50:54.148Z", "user": 3, "content_type": 11, "object_id": "3", "object_repr": "PostCategory object (3)", "action_flag": 2, "change_message": "[{\"changed\": {\"fields\": [\"PostThrough\"]}}]"}}, {"model": "admin.logentry", "pk": 29, "fields": {"action_time": "2024-02-17T15:51:01.264Z", "user": 3, "content_type": 11, "object_id": "3", "object_repr": "PostCategory object (3)", "action_flag": 2, "change_message": "[{\"changed\": {\"fields\": [\"PostThrough\"]}}]"}}, {"model": "admin.logentry", "pk": 30, "fields": {"action_time": "2024-02-17T15:51:08.213Z", "user": 3, "content_type": 11, "object_id": "4", "object_repr": "PostCategory object (4)", "action_flag": 2, "change_message": "[{\"changed\": {\"fields\": [\"PostThrough\", \"CategoryThrough\"]}}]"}}, {"model": "admin.logentry", "pk": 31, "fields": {"action_time": "2024-02-17T15:53:36.783Z", "user": 3, "content_type": 11, "object_id": "1", "object_repr": "PostCategory object (1)", "action_flag": 2, "change_message": "[{\"changed\": {\"fields\": [\"PostThrough\"]}}]"}}, {"model": "admin.logentry", "pk": 32, "fields": {"action_time": "2024-02-17T15:53:44.627Z", "user": 3, "content_type": 11, "object_id": "1", "object_repr": "PostCategory object (1)", "action_flag": 2, "change_message": "[{\"changed\": {\"fields\": [\"PostThrough\"]}}]"}}, {"model": "admin.logentry", "pk": 33, "fields": {"action_time": "2024-02-18T07:26:22.348Z", "user": 3, "content_type": 11, "object_id": "4", "object_repr": "12 - 4", "action_flag": 3, "change_message": ""}}, {"model": "admin.logentry", "pk": 34, "fields": {"action_time": "2024-02-18T07:26:22.355Z", "user": 3, "content_type": 11, "object_id": "3", "object_repr": "11 - 3", "action_flag": 3, "change_message": ""}}, {"model": "admin.logentry", "pk": 35, "fields": {"action_time": "2024-02-18T07:26:22.357Z", "user": 3, "content_type": 11, "object_id": "2", "object_repr": "10 - 2", "action_flag": 3, "change_message": ""}}, {"model": "admin.logentry", "pk": 36, "fields": {"action_time": "2024-02-18T07:26:22.358Z", "user": 3, "content_type": 11, "object_id": "1", "object_repr": "2 - 1", "action_flag": 3, "change_message": ""}}, {"model": "admin.logentry", "pk": 37, "fields": {"action_time": "2024-02-18T07:28:01.061Z", "user": 3, "content_type": 11, "object_id": "5", "object_repr": "1 - 4", "action_flag": 1, "change_message": "[{\"added\": {}}]"}}, {"model": "admin.logentry", "pk": 38, "fields": {"action_time": "2024-02-18T07:29:07.701Z", "user": 3, "content_type": 11, "object_id": "6", "object_repr": "post2 - category3", "action_flag": 1, "change_message": "[{\"added\": {}}]"}}, {"model": "admin.logentry", "pk": 39, "fields": {"action_time": "2024-02-18T07:29:26.405Z", "user": 3, "content_type": 11, "object_id": "7", "object_repr": "post 3 - category 2", "action_flag": 1, "change_message": "[{\"added\": {}}]"}}, {"model": "admin.logentry", "pk": 40, "fields": {"action_time": "2024-02-18T07:29:34.085Z", "user": 3, "content_type": 11, "object_id": "8", "object_repr": "post 4 - category 1", "action_flag": 1, "change_message": "[{\"added\": {}}]"}}, {"model": "admin.logentry", "pk": 41, "fields": {"action_time": "2024-02-18T07:29:44.069Z", "user": 3, "content_type": 11, "object_id": "9", "object_repr": "post 5 - category 4", "action_flag": 1, "change_message": "[{\"added\": {}}]"}}, {"model": "admin.logentry", "pk": 42, "fields": {"action_time": "2024-02-18T07:29:54.519Z", "user": 3, "content_type": 11, "object_id": "10", "object_repr": "post 5 - category 3", "action_flag": 1, "change_message": "[{\"added\": {}}]"}}, {"model": "admin.logentry", "pk": 43, "fields": {"action_time": "2024-02-18T07:30:05.031Z", "user": 3, "content_type": 11, "object_id": "10", "object_repr": "post 5 - category 2", "action_flag": 2, "change_message": "[{\"changed\": {\"fields\": [\"CategoryThrough\"]}}]"}}, {"model": "admin.logentry", "pk": 44, "fields": {"action_time": "2024-02-18T07:30:12.855Z", "user": 3, "content_type": 11, "object_id": "10", "object_repr": "post 6 - category 3", "action_flag": 2, "change_message": "[{\"changed\": {\"fields\": [\"PostThrough\", \"CategoryThrough\"]}}]"}}, {"model": "admin.logentry", "pk": 45, "fields": {"action_time": "2024-02-18T07:30:27.261Z", "user": 3, "content_type": 11, "object_id": "11", "object_repr": "post 7 - category 2", "action_flag": 1, "change_message": "[{\"added\": {}}]"}}, {"model": "admin.logentry", "pk": 46, "fields": {"action_time": "2024-02-18T07:30:39.102Z", "user": 3, "content_type": 11, "object_id": "12", "object_repr": "post 8 - category 1", "action_flag": 1, "change_message": "[{\"added\": {}}]"}}, {"model": "admin.logentry", "pk": 47, "fields": {"action_time": "2024-02-18T07:30:51.135Z", "user": 3, "content_type": 11, "object_id": "13", "object_repr": "post 9 - category 4", "action_flag": 1, "change_message": "[{\"added\": {}}]"}}, {"model": "admin.logentry", "pk": 48, "fields": {"action_time": "2024-02-18T07:31:06.909Z", "user": 3, "content_type": 11, "object_id": "14", "object_repr": "post 10 - category 2", "action_flag": 1, "change_message": "[{\"added\": {}}]"}}, {"model": "admin.logentry", "pk": 49, "fields": {"action_time": "2024-02-18T07:31:11.463Z", "user": 3, "content_type": 11, "object_id": "14", "object_repr": "post 10 - category 3", "action_flag": 2, "change_message": "[{\"changed\": {\"fields\": [\"CategoryThrough\"]}}]"}}, {"model": "admin.logentry", "pk": 50, "fields": {"action_time": "2024-02-18T07:31:22.129Z", "user": 3, "content_type": 11, "object_id": "15", "object_repr": "post 11 - category 2", "action_flag": 1, "change_message": "[{\"added\": {}}]"}}, {"model": "admin.logentry", "pk": 51, "fields": {"action_time": "2024-02-18T07:31:30.715Z", "user": 3, "content_type": 11, "object_id": "16", "object_repr": "post 12 - category 1", "action_flag": 1, "change_message": "[{\"added\": {}}]"}}, {"model": "admin.logentry", "pk": 52, "fields": {"action_time": "2024-02-26T17:56:46.578Z", "user": 3, "content_type": 3, "object_id": "1", "object_repr": "authors", "action_flag": 1, "change_message": "[{\"added\": {}}]"}}, {"model": "admin.logentry", "pk": 53, "fields": {"action_time": "2024-02-26T17:59:09.229Z", "user": 3, "content_type": 4, "object_id": "4", "object_repr": "daffy", "action_flag": 2, "change_message": "[{\"changed\": {\"fields\": [\"Groups\"]}}]"}}, {"model": "admin.logentry", "pk": 54, "fields": {"action_time": "2024-02-26T17:59:39.712Z", "user": 3, "content_type": 3, "object_id": "1", "object_repr": "authors", "action_flag": 2, "change_message": "[]"}}, {"model": "admin.logentry", "pk": 55, "fields": {"action_time": "2024-02-26T18:05:26.314Z", "user": 3, "content_type": 3, "object_id": "2", "object_repr": "common_users", "action_flag": 1, "change_message": "[{\"added\": {}}]"}}, {"model": "admin.logentry", "pk": 56, "fields": {"action_time": "2024-02-26T18:06:39.803Z", "user": 3, "content_type": 4, "object_id": "4", "object_repr": "daffy", "action_flag": 3, "change_message": ""}}, {"model": "admin.logentry", "pk": 57, "fields": {"action_time": "2024-02-26T18:06:39.806Z", "user": 3, "content_type": 4, "object_id": "5", "object_repr": "test", "action_flag": 3, "change_message": ""}}, {"model": "admin.logentry", "pk": 58, "fields": {"action_time": "2024-02-26T18:08:58.420Z", "user": 3, "content_type": 3, "object_id": "1", "object_repr": "authors", "action_flag": 2, "change_message": "[{\"changed\": {\"fields\": [\"Permissions\"]}}]"}}, {"model": "admin.logentry", "pk": 59, "fields": {"action_time": "2024-02-26T18:09:07.782Z", "user": 3, "content_type": 3, "object_id": "2", "object_repr": "common_users", "action_flag": 2, "change_message": "[]"}}, {"model": "admin.logentry", "pk": 60, "fields": {"action_time": "2024-02-26T18:09:25.538Z", "user": 3, "content_type": 4, "object_id": "6", "object_repr": "test", "action_flag": 2, "change_message": "[{\"changed\": {\"fields\": [\"Groups\"]}}]"}}, {"model": "admin.logentry", "pk": 61, "fields": {"action_time": "2024-02-26T18:11:27.021Z", "user": 3, "content_type": 4, "object_id": "7", "object_repr": "daffy", "action_flag": 3, "change_message": ""}}, {"model": "admin.logentry", "pk": 62, "fields": {"action_time": "2024-02-26T18:11:27.024Z", "user": 3, "content_type": 4, "object_id": "6", "object_repr": "test", "action_flag": 3, "change_message": ""}}, {"model": "admin.logentry", "pk": 63, "fields": {"action_time": "2024-02-26T18:12:30.023Z", "user": 3, "content_type": 4, "object_id": "8", "object_repr": "daffy", "action_flag": 2, "change_message": "[{\"changed\": {\"fields\": [\"Groups\"]}}]"}}, {"model": "admin.logentry", "pk": 64, "fields": {"action_time": "2024-02-26T18:30:27.587Z", "user": 3, "content_type": 3, "object_id": "2", "object_repr": "common users", "action_flag": 2, "change_message": "[{\"changed\": {\"fields\": [\"Name\"]}}]"}}, {"model": "admin.logentry", "pk": 65, "fields": {"action_time": "2024-02-26T18:30:49.973Z", "user": 3, "content_type": 4, "object_id": "8", "object_repr": "daffy", "action_flag": 3, "change_message": ""}}, {"model": "admin.logentry", "pk": 66, "fields": {"action_time": "2024-02-26T18:30:49.976Z", "user": 3, "content_type": 4, "object_id": "9", "object_repr": "test", "action_flag": 3, "change_message": ""}}, {"model": "admin.logentry", "pk": 67, "fields": {"action_time": "2024-02-26T18:30:49.978Z", "user": 3, "content_type": 4, "object_id": "10", "object_repr": "test2", "action_flag": 3, "change_message": ""}}, {"model": "admin.logentry", "pk": 68, "fields": {"action_time": "2024-03-03T15:13:25.259Z", "user": 3, "content_type": 4, "object_id": "11", "object_repr": "daffy", "action_flag": 3, "change_message": ""}}, {"model": "admin.logentry", "pk": 69, "fields": {"action_time": "2024-03-04T08:40:50.234Z", "user": 3, "content_type": 4, "object_id": "13", "object_repr": "2philqa", "action_flag": 3, "change_message": ""}}, {"model": "admin.logentry", "pk": 70, "fields": {"action_time": "2024-03-04T08:40:50.237Z", "user": 3, "content_type": 4, "object_id": "14", "object_repr": "pheonov", "action_flag": 3, "change_message": ""}}, {"model": "admin.logentry", "pk": 71, "fields": {"action_time": "2024-03-04T08:40:50.238Z", "user": 3, "content_type": 4, "object_id": "15", "object_repr": "philipp.msc", "action_flag": 3, "change_message": ""}}, {"model": "admin.logentry", "pk": 72, "fields": {"action_time": "2024-03-04T08:40:50.240Z", "user": 3, "content_type": 4, "object_id": "12", "object_repr": "test", "action_flag": 3, "change_message": ""}}, {"model": "admin.logentry", "pk": 73, "fields": {"action_time": "2024-03-14T10:26:09.170Z", "user": 3, "content_type": 9, "object_id": "17", "object_repr": "Test: test", "action_flag": 3, "change_message": ""}}, {"model": "admin.logentry", "pk": 74, "fields": {"action_time": "2024-03-14T10:26:09.173Z", "user": 3, "content_type": 9, "object_id": "16", "object_repr": "1: 2", "action_flag": 3, "change_message": ""}}, {"model": "auth.permission", "pk": 1, "fields": {"name": "Can add log entry", "content_type": 1, "codename": "add_logentry"}}, {"model": "auth.permission", "pk": 2, "fields": {"name": "Can change log entry", "content_type": 1, "codename": "change_logentry"}}, {"model": "auth.permission", "pk": 3, "fields": {"name": "Can delete log entry", "content_type": 1, "codename": "delete_logentry"}}, {"model": "auth.permission", "pk": 4, "fields": {"name": "Can view log entry", "content_type": 1, "codename": "view_logentry"}}, {"model": "auth.permission", "pk": 5, "fields": {"name": "Can add permission", "content_type": 2, "codename": "add_permission"}}, {"model": "auth.permission", "pk": 6, "fields": {"name": "Can change permission", "content_type": 2, "codename": "change_permission"}}, {"model": "auth.permission", "pk": 7, "fields": {"name": "Can delete permission", "content_type": 2, "codename": "delete_permission"}}, {"model": "auth.permission", "pk": 8, "fields": {"name": "Can view permission", "content_type": 2, "codename": "view_permission"}}, {"model": "auth.permission", "pk": 9, "fields": {"name": "Can add group", "content_type": 3, "codename": "add_group"}}, {"model": "auth.permission", "pk": 10, "fields": {"name": "Can change group", "content_type": 3, "codename": "change_group"}}, {"model": "auth.permission", "pk": 11, "fields": {"name": "Can delete group", "content_type": 3, "codename": "delete_group"}}, {"model": "auth.permission", "pk": 12, "fields": {"name": "Can view group", "content_type": 3, "codename": "view_group"}}, {"model": "auth.permission", "pk": 13, "fields": {"name": "Can add user", "content_type": 4, "codename": "add_user"}}, {"model": "auth.permission", "pk": 14, "fields": {"name": "Can change user", "content_type": 4, "codename": "change_user"}}, {"model": "auth.permission", "pk": 15, "fields": {"name": "Can delete user", "content_type": 4, "codename": "delete_user"}}, {"model": "auth.permission", "pk": 16, "fields": {"name": "Can view user", "content_type": 4, "codename": "view_user"}}, {"model": "auth.permission", "pk": 17, "fields": {"name": "Can add content type", "content_type": 5, "codename": "add_contenttype"}}, {"model": "auth.permission", "pk": 18, "fields": {"name": "Can change content type", "content_type": 5, "codename": "change_contenttype"}}, {"model": "auth.permission", "pk": 19, "fields": {"name": "Can delete content type", "content_type": 5, "codename": "delete_contenttype"}}, {"model": "auth.permission", "pk": 20, "fields": {"name": "Can view content type", "content_type": 5, "codename": "view_contenttype"}}, {"model": "auth.permission", "pk": 21, "fields": {"name": "Can add session", "content_type": 6, "codename": "add_session"}}, {"model": "auth.permission", "pk": 22, "fields": {"name": "Can change session", "content_type": 6, "codename": "change_session"}}, {"model": "auth.permission", "pk": 23, "fields": {"name": "Can delete session", "content_type": 6, "codename": "delete_session"}}, {"model": "auth.permission", "pk": 24, "fields": {"name": "Can view session", "content_type": 6, "codename": "view_session"}}, {"model": "auth.permission", "pk": 25, "fields": {"name": "Can add category", "content_type": 7, "codename": "add_category"}}, {"model": "auth.permission", "pk": 26, "fields": {"name": "Can change category", "content_type": 7, "codename": "change_category"}}, {"model": "auth.permission", "pk": 27, "fields": {"name": "Can delete category", "content_type": 7, "codename": "delete_category"}}, {"model": "auth.permission", "pk": 28, "fields": {"name": "Can view category", "content_type": 7, "codename": "view_category"}}, {"model": "auth.permission", "pk": 29, "fields": {"name": "Can add author", "content_type": 8, "codename": "add_author"}}, {"model": "auth.permission", "pk": 30, "fields": {"name": "Can change author", "content_type": 8, "codename": "change_author"}}, {"model": "auth.permission", "pk": 31, "fields": {"name": "Can delete author", "content_type": 8, "codename": "delete_author"}}, {"model": "auth.permission", "pk": 32, "fields": {"name": "Can view author", "content_type": 8, "codename": "view_author"}}, {"model": "auth.permission", "pk": 33, "fields": {"name": "Can add post", "content_type": 9, "codename": "add_post"}}, {"model": "auth.permission", "pk": 34, "fields": {"name": "Can change post", "content_type": 9, "codename": "change_post"}}, {"model": "auth.permission", "pk": 35, "fields": {"name": "Can delete post", "content_type": 9, "codename": "delete_post"}}, {"model": "auth.permission", "pk": 36, "fields": {"name": "Can view post", "content_type": 9, "codename": "view_post"}}, {"model": "auth.permission", "pk": 37, "fields": {"name": "Can add comment", "content_type": 10, "codename": "add_comment"}}, {"model": "auth.permission", "pk": 38, "fields": {"name": "Can change comment", "content_type": 10, "codename": "change_comment"}}, {"model": "auth.permission", "pk": 39, "fields": {"name": "Can delete comment", "content_type": 10, "codename": "delete_comment"}}, {"model": "auth.permission", "pk": 40, "fields": {"name": "Can view comment", "content_type": 10, "codename": "view_comment"}}, {"model": "auth.permission", "pk": 41, "fields": {"name": "Can add post category", "content_type": 11, "codename": "add_postcategory"}}, {"model": "auth.permission", "pk": 42, "fields": {"name": "Can change post category", "content_type": 11, "codename": "change_postcategory"}}, {"model": "auth.permission", "pk": 43, "fields": {"name": "Can delete post category", "content_type": 11, "codename": "delete_postcategory"}}, {"model": "auth.permission", "pk": 44, "fields": {"name": "Can view post category", "content_type": 11, "codename": "view_postcategory"}}, {"model": "auth.permission", "pk": 45, "fields": {"name": "Can add site", "content_type": 12, "codename": "add_site"}}, {"model": "auth.permission", "pk": 46, "fields": {"name": "Can change site", "content_type": 12, "codename": "change_site"}}, {"model": "auth.permission", "pk": 47, "fields": {"name": "Can delete site", "content_type": 12, "codename": "delete_site"}}, {"model": "auth.permission", "pk": 48, "fields": {"name": "Can view site", "content_type": 12, "codename": "view_site"}}, {"model": "auth.permission", "pk": 49, "fields": {"name": "Can add flat page", "content_type": 13, "codename": "add_flatpage"}}, {"model": "auth.permission", "pk": 50, "fields": {"name": "Can change flat page", "content_type": 13, "codename": "change_flatpage"}}, {"model": "auth.permission", "pk": 51, "fields": {"name": "Can delete flat page", "content_type": 13, "codename": "delete_flatpage"}}, {"model": "auth.permission", "pk": 52, "fields": {"name": "Can view flat page", "content_type": 13, "codename": "view_flatpage"}}, {"model": "auth.permission", "pk": 53, "fields": {"name": "Can add email address", "content_type": 15, "codename": "add_emailaddress"}}, {"model": "auth.permission", "pk": 54, "fields": {"name": "Can change email address", "content_type": 15, "codename": "change_emailaddress"}}, {"model": "auth.permission", "pk": 55, "fields": {"name": "Can delete email address", "content_type": 15, "codename": "delete_emailaddress"}}, {"model": "auth.permission", "pk": 56, "fields": {"name": "Can view email address", "content_type": 15, "codename": "view_emailaddress"}}, {"model": "auth.permission", "pk": 57, "fields": {"name": "Can add email confirmation", "content_type": 16, "codename": "add_emailconfirmation"}}, {"model": "auth.permission", "pk": 58, "fields": {"name": "Can change email confirmation", "content_type": 16, "codename": "change_emailconfirmation"}}, {"model": "auth.permission", "pk": 59, "fields": {"name": "Can delete email confirmation", "content_type": 16, "codename": "delete_emailconfirmation"}}, {"model": "auth.permission", "pk": 60, "fields": {"name": "Can view email confirmation", "content_type": 16, "codename": "view_emailconfirmation"}}, {"model": "auth.permission", "pk": 61, "fields": {"name": "Can add social account", "content_type": 17, "codename": "add_socialaccount"}}, {"model": "auth.permission", "pk": 62, "fields": {"name": "Can change social account", "content_type": 17, "codename": "change_socialaccount"}}, {"model": "auth.permission", "pk": 63, "fields": {"name": "Can delete social account", "content_type": 17, "codename": "delete_socialaccount"}}, {"model": "auth.permission", "pk": 64, "fields": {"name": "Can view social account", "content_type": 17, "codename": "view_socialaccount"}}, {"model": "auth.permission", "pk": 65, "fields": {"name": "Can add social application", "content_type": 14, "codename": "add_socialapp"}}, {"model": "auth.permission", "pk": 66, "fields": {"name": "Can change social application", "content_type": 14, "codename": "change_socialapp"}}, {"model": "auth.permission", "pk": 67, "fields": {"name": "Can delete social application", "content_type": 14, "codename": "delete_socialapp"}}, {"model": "auth.permission", "pk": 68, "fields": {"name": "Can view social application", "content_type": 14, "codename": "view_socialapp"}}, {"model": "auth.permission", "pk": 69, "fields": {"name": "Can add social application token", "content_type": 18, "codename": "add_socialtoken"}}, {"model": "auth.permission", "pk": 70, "fields": {"name": "Can change social application token", "content_type": 18, "codename": "change_socialtoken"}}, {"model": "auth.permission", "pk": 71, "fields": {"name": "Can delete social application token", "content_type": 18, "codename": "delete_socialtoken"}}, {"model": "auth.permission", "pk": 72, "fields": {"name": "Can view social application token", "content_type": 18, "codename": "view_socialtoken"}}, {"model": "auth.permission", "pk": 73, "fields": {"name": "Can add subscription", "content_type": 19, "codename": "add_subscription"}}, {"model": "auth.permission", "pk": 74, "fields": {"name": "Can change subscription", "content_type": 19, "codename": "change_subscription"}}, {"model": "auth.permission", "pk": 75, "fields": {"name": "Can delete subscription", "content_type": 19, "codename": "delete_subscription"}}, {"model": "auth.permission", "pk": 76, "fields": {"name": "Can view subscription", "content_type": 19, "codename": "view_subscription"}}, {"model": "auth.permission", "pk": 77, "fields": {"name": "Can add django job", "content_type": 20, "codename": "add_djangojob"}}, {"model": "auth.permission", "pk": 78, "fields": {"name": "Can change django job", "content_type": 20, "codename": "change_djangojob"}}, {"model": "auth.permission", "pk": 79, "fields": {"name": "Can delete django job", "content_type": 20, "codename": "delete_djangojob"}}, {"model": "auth.permission", "pk": 80, "fields": {"name": "Can view django job", "content_type": 20, "codename": "view_djangojob"}}, {"model": "auth.permission", "pk": 81, "fields": {"name": "Can add django job execution", "content_type": 21, "codename": "add_djangojobexecution"}}, {"model": "auth.permission", "pk": 82, "fields": {"name": "Can change django job execution", "content_type": 21, "codename": "change_djangojobexecution"}}, {"model": "auth.permission", "pk": 83, "fields": {"name": "Can delete django job execution", "content_type": 21, "codename": "delete_djangojobexecution"}}, {"model": "auth.permission", "pk": 84, "fields": {"name": "Can view django job execution", "content_type": 21, "codename": "view_djangojobexecution"}}, {"model": "auth.group", "pk": 1, "fields": {"name": "authors", "permissions": [33, 34]}}, {"model": "auth.group", "pk": 2, "fields": {"name": "common users", "permissions": [36]}}, {"model": "auth.user", "pk": 1, "fields": {"password": "!XMSxqaZgR9J8JuL1g4YJHAUw0U6XHZAX64eFX4g0", "last_login": null, "is_superuser": false, "username": "User_1", "first_name": "", "last_name": "", "email": "", "is_staff": false, "is_active": true, "date_joined": "2024-02-09T18:44:06.930Z", "groups": [], "user_permissions": []}}, {"model": "auth.user", "pk": 2, "fields": {"password": "!AgzfCtf5rYnXyyVzs3iAGHjiXnooEGUMrKMtTX4L", "last_login": null, "is_superuser": false, "username": "User_2", "first_name": "", "last_name": "", "email": "", "is_staff": false, "is_active": true, "date_joined": "2024-02-09T18:44:14.874Z", "groups": [], "user_permissions": []}}, {"model": "auth.user", "pk": 3, "fields": {"password": "pbkdf2_sha256$720000$MQ4Tto3GzmfH0NPk8dt0qi$+vvc/wC5t0ozFYcUgcUnjkQcv5DkNDNU2QIGsfSKOzs=", "last_login": "2024-03-14T10:34:51.980Z", "is_superuser": true, "username": "admin", "first_name": "", "last_name": "", "email": "", "is_staff": true, "is_active": true, "date_joined": "2024-02-09T19:02:27.977Z", "groups": [], "user_permissions": []}}, {"model": "auth.user", "pk": 16, "fields": {"password": "pbkdf2_sha256$720000$ctsgqwl4TPBWf94x1Z6vFh$rV2mUdmJ/AVUPBuXs+/e1H4cfMxJTPpeSHSQqa7DOL0=", "last_login": "2024-03-14T10:33:58.493Z", "is_superuser": false, "username": "2philqa", "first_name": "", "last_name": "", "email": "2philqa@gmail.com", "is_staff": false, "is_active": true, "date_joined": "2024-03-04T08:41:14.704Z", "groups": [], "user_permissions": []}}, {"model": "contenttypes.contenttype", "pk": 1, "fields": {"app_label": "admin", "model": "logentry"}}, {"model": "contenttypes.contenttype", "pk": 2, "fields": {"app_label": "auth", "model": "permission"}}, {"model": "contenttypes.contenttype", "pk": 3, "fields": {"app_label": "auth", "model": "group"}}, {"model": "contenttypes.contenttype", "pk": 4, "fields": {"app_label": "auth", "model": "user"}}, {"model": "contenttypes.contenttype", "pk": 5, "fields": {"app_label": "contenttypes", "model": "contenttype"}}, {"model": "contenttypes.contenttype", "pk": 6, "fields": {"app_label": "sessions", "model": "session"}}, {"model": "contenttypes.contenttype", "pk": 7, "fields": {"app_label": "newapp", "model": "category"}}, {"model": "contenttypes.contenttype", "pk": 8, "fields": {"app_label": "newapp", "model": "author"}}, {"model": "contenttypes.contenttype", "pk": 9, "fields": {"app_label": "newapp", "model": "post"}}, {"model": "contenttypes.contenttype", "pk": 10, "fields": {"app_label": "newapp", "model": "comment"}}, {"model": "contenttypes.contenttype", "pk": 11, "fields": {"app_label": "newapp", "model": "postcategory"}}, {"model": "contenttypes.contenttype", "pk": 12, "fields": {"app_label": "sites", "model": "site"}}, {"model": "contenttypes.contenttype", "pk": 13, "fields": {"app_label": "flatpages", "model": "flatpage"}}, {"model": "contenttypes.contenttype", "pk": 14, "fields": {"app_label": "socialaccount", "model": "socialapp"}}, {"model": "contenttypes.contenttype", "pk": 15, "fields": {"app_label": "account", "model": "emailaddress"}}, {"model": "contenttypes.contenttype", "pk": 16, "fields": {"app_label": "account", "model": "emailconfirmation"}}, {"model": "contenttypes.contenttype", "pk": 17, "fields": {"app_label": "socialaccount", "model": "socialaccount"}}, {"model": "contenttypes.contenttype", "pk": 18, "fields": {"app_label": "socialaccount", "model": "socialtoken"}}, {"model": "contenttypes.contenttype", "pk": 19, "fields": {"app_label": "newapp", "model": "subscription"}}, {"model": "contenttypes.contenttype", "pk": 20, "fields": {"app_label": "django_apscheduler", "model": "djangojob"}}, {"model": "contenttypes.contenttype", "pk": 21, "fields": {"app_label": "django_apscheduler", "model": "djangojobexecution"}}, {"model": "sessions.session", "pk": "622ygus9rcia3rt8kdiyozypy94u33ur", "fields": {"session_data": ".eJxVj8EOgyAQRP-Fc2NgBQFv7Y-QFZZISjFR7KXpv1cbm8bjzOy-ybwYej-tpbonzSkmCo4emDLry5rzhTlc6-jWhWaXAuuZAHYyB_R3KnuCOe92c_Ca780RL811U1Rq8ljTVG7H1wk14jLuHAtSdFFpQG-4Ba3AtpqiFEGANYKUlX4gbwIqGeNgAlfWdqjCYMBovkF_k_Bfuu3CynqhubEa2pY3RmsOSrw_3Y5VnA:1reflq:Yu0HC1XlJ-igtOLyZ6U7je25b_iifrU8s3CrSQsTg9Q", "expire_date": "2024-03-11T18:32:10.877Z"}}, {"model": "sessions.session", "pk": "8095mfa0xnr735gscd1hqqvwwaghg9x7", "fields": {"session_data": ".eJxVjEEOgjAURO_StWnaQuXXpXvOQP70F0FNm1BYGe-uJCx0O--9eamBt3UatpqWYRZ1UY06_W7g-Eh5B3LnfCs6lrwuM_Su6INW3RdJz-vh_h1MXKdvHYnNGBoIOgJZwI_O-7OzbRKIA8toOmIwdd4li5Yi2hgCmA1R8ur9AQuGOO4:1rYscS:tSD3VmGp8uArxdAt7OWLhsFEHU3Z6dPj5J3Vl_tp7tQ", "expire_date": "2024-02-24T19:02:32.578Z"}}, {"model": "sessions.session", "pk": "aevmejqf79i52s7d83it8ga7h8rdjzcc", "fields": {"session_data": ".eJxVjEEOgjAURO_StWnaQuXXpXvOQP70F0FNm1BYGe-uJCx0O--9eamBt3UatpqWYRZ1UY06_W7g-Eh5B3LnfCs6lrwuM_Su6INW3RdJz-vh_h1MXKdvHYnNGBoIOgJZwI_O-7OzbRKIA8toOmIwdd4li5Yi2hgCmA1R8ur9AQuGOO4:1rYW9T:zYaGp2KR_MeH0eFDJIq3ibTMiNcXU5qOlt0gIuU94C8", "expire_date": "2024-02-23T19:03:07.643Z"}}, {"model": "sessions.session", "pk": "ugiodpsg6jlav0ovtjjlhsos5bjnfpk0", "fields": {"session_data": ".eJxVjEEOgjAURO_StWnaQuXXpXvOQP70F0FNm1BYGe-uJCx0O--9eamBt3UatpqWYRZ1UY06_W7g-Eh5B3LnfCs6lrwuM_Su6INW3RdJz-vh_h1MXKdvHYnNGBoIOgJZwI_O-7OzbRKIA8toOmIwdd4li5Yi2hgCmA1R8ur9AQuGOO4:1rbJsI:pjJ-zlFhHGlVRFbz7geZVgC6zpoiaBmh1jR3FM1k5Jw", "expire_date": "2024-03-02T12:32:58.719Z"}}, {"model": "sessions.session", "pk": "ujk5aua6uv0xx4djk02s4sp1p8b7qzeh", "fields": {"session_data": ".eJxVjEEOgjAURO_StWnaQuXXpXvOQP70F0FNm1BYGe-uJCx0O--9eamBt3UatpqWYRZ1UY06_W7g-Eh5B3LnfCs6lrwuM_Su6INW3RdJz-vh_h1MXKdvHYnNGBoIOgJZwI_O-7OzbRKIA8toOmIwdd4li5Yi2hgCmA1R8ur9AQuGOO4:1rkiQF:Fq0bhjirUv6ZrKRheN2cW5b3jCiil_c_dr_eOm6X7HY", "expire_date": "2024-03-28T10:34:51.981Z"}}, {"model": "sessions.session", "pk": "xoephmk1lkfpo952vkp71y88qgs0dhsj", "fields": {"session_data": ".eJxVjEEOgjAURO_StWnaQuXXpXvOQP70F0FNm1BYGe-uJCx0O--9eamBt3UatpqWYRZ1UY06_W7g-Eh5B3LnfCs6lrwuM_Su6INW3RdJz-vh_h1MXKdvHYnNGBoIOgJZwI_O-7OzbRKIA8toOmIwdd4li5Yi2hgCmA1R8ur9AQuGOO4:1rZ9au:zW6Us9p8GeH6ohDGQkhMx1gL_MvnFYsO5QcTa9re_n8", "expire_date": "2024-02-25T13:10:04.462Z"}}, {"model": "newapp.author", "pk": 1, "fields": {"authorUser": 1, "ratingAuthor": -2}}, {"model": "newapp.author", "pk": 2, "fields": {"authorUser": 2, "ratingAuthor": 5}}, {"model": "newapp.category", "pk": 1, "fields": {"name": "Politics"}}, {"model": "newapp.category", "pk": 2, "fields": {"name": "Economics"}}, {"model": "newapp.category", "pk": 3, "fields": {"name": "Culture"}}, {"model": "newapp.category", "pk": 4, "fields": {"name": "Science"}}, {"model": "newapp.post", "pk": 1, "fields": {"author": 1, "categoryType": "NW", "dateCreation": "2024-02-09T18:45:39.605Z", "title": "Nvidia создаст подразделение для выпуска чипов на заказ", "text": "-По данным Reuters, Nvidia планирует создать подразделение, которое будет заниматься разработкой индивидуальных микропроцессоров на заказ. Оно будет ориентировано, в частности, на чипы с поддержкой технологий искусственного интеллекта. \r\nNvidia планирует получить долю на бурно растущем рынке заказных микропроцессоров для ИИ. Сейчас компания контролирует около 80% рынка высокопроизводительных чипов для нужд искусственного интеллекта, что позволило ей нарастить рыночную стоимость в прошлом году втрое, а с начала этого года — ещё на 40%, до $1,73 трлн. В третьем квартале 2023 года Nvidia продала рекордное количество ИИ-ускорителей. В этот период компания реализовала почти полмиллиона моделей A100 и H100. При этом спрос на данные устройства оказался настолько высоким, что сроки поставки серверов с ускорителями увеличились с 36 до 52 недель.", "rating": 2}}, {"model": "newapp.post", "pk": 2, "fields": {"author": 1, "categoryType": "NW", "dateCreation": "2024-02-09T18:46:03.032Z", "title": "Microsoft Copilot появился в «Блокноте» Windows 11", "text": "Microsoft представила обновление «Блокнота» для Windows 11. Теперь в нём работает Copilot. Он поможет анализировать содержимое текстовых файлов. \r\nОпция «Объяснять с помощью Copilot» позволит интерпретировать файлы журналов, сегменты кода или любой выбранный контент. Чтобы воспользоваться ею, нужно выделить фрагмент текста или кода, щёлкнуть правой кнопкой мыши и выбрать «Объяснять с помощью Copilot» из меню, либо воспользоваться сочетанием клавиш Ctrl + E. \r\n\r\nФункция доступна на устройствах с Copilot в Windows.\r\n\r\nТакже обновили инструмент «Ножницы». Теперь в нём появилась возможность добавлять фигуры к скриншотам, в том числе прямоугольники, овалы, линии и стрелки для разметки. Чтобы начать, нужно нажать кнопку «Новые фигуры» на панели инструментов и выбрать нужную. При желании можно изменить цвет заливки или контура. Затем фигуру потребуется перетащить в любое место изображения. Прежде чем щёлкнуть мышью, можно изменить её размер, переместить в другое место или изменить цвет. Удалить фигуры можно с помощью ластика или действием отмены.", "rating": 4}}, {"model": "newapp.post", "pk": 3, "fields": {"author": 2, "categoryType": "NW", "dateCreation": "2024-02-09T18:46:23.732Z", "title": "Valve снова массово заблокировала читеров в Dota 2", "text": "Valve организовала волну блокировок читеров в Dota 2, в том числе пользователей сторонней программы Overplus. Создатели утилиты утверждают, что компания заблокировала «почти четверть онлайна Dota 2». Кроме того, компания забанила более 50 учётных записей профессиональных киберспортсменов и могла заблокировать пользователей другой сторонней программы Overwolf.\r\nOverplus от российских разработчиков собирает статистику о соперниках по лобби во время драфта, чтобы точечно банить лучших героев противника. Это платная утилита стоимостью 99 рублей в неделю или 199 рублей в месяц. До недавнего времени Valve не блокировала её пользователей, а разработчики уверяли, что программа легальна.\r\n\r\n«Поддерживая дух невиданной щедрости, мы подготовили ещё один подарок, который понравится (почти) каждому, а именно — новый код для обнаружения читов. По правде говоря, мы выпустили его пару недель назад и с тех пор засекли весьма немало читеров. Вероятно, вы будете замечать, что их становится меньше с каждой новой волной автоматических блокировок», — заявили теперь в Valve.", "rating": 5}}, {"model": "newapp.post", "pk": 4, "fields": {"author": 1, "categoryType": "NW", "dateCreation": "2024-02-10T06:36:56.088Z", "title": "В Алабаме украли 60-метровую радиовышку", "text": "В городе Джаспер, штат Алабама, неизвестные обокрали местную радиостанцию, умудрившись унести даже 60-метровую радиовышку из нержавеющей стали. Судя по всему, для этого воры перерезали кабели, державшие вышку на месте.\r\n\r\nКраже подверглась местная а AM-станция WJLX. Руководитель станции Бретт Элмор узнал о происшествии от команды ландшафтных дизайнеров, которых он отправил работать на участке. Вместо отчёта о работе он получил звонок о том, что станцию ограбили, а радиовышка пропала.\r\n\r\nПо словам Элмора, сначала он не поверил в услышанное. \r\n\r\n«Все выходные я пытался понять, как они это сделали, но не смог. Я занимаюсь радиобизнесом всю свою жизнь и никогда не слышал о подобном. Могу сказать, что теперь я видел всё».\r\n\r\nВ своём посте на Facebook** Элмор предположил, что воры каким-то образом перерезали державшие башню на месте кабели. Он также сообщил, что преступники украли со станции абсолютно всё оборудование.", "rating": 1}}, {"model": "newapp.post", "pk": 5, "fields": {"author": 1, "categoryType": "NW", "dateCreation": "2024-02-17T12:34:08.519Z", "title": "Google запустила внутри компании модель Goose для помощи программистам", "text": "Goose основана на базе большой языковой модели Gemini. Она может отвечать на запросы о технологиях компании, писать код с помощью её внутренних инструментов, а также редактировать его по запросам на естественном языке. Величина контекстного окна Goose составляет 28 тысяч токенов. \r\n\r\nВ одном из документов Goose названа частью плана Google по «внедрению ИИ в каждый этап процесса разработки продуктов». Модель станет «первой LLM общего назначения, одобренной для написания кода внутри Google».\r\n\r\nИнструмент уже доступен некоторым сотрудникам, но пока неясно, функционируют ли он в полном объёме. В создании Goose участвовали подразделения Google Brain, DeepMind, а также инфраструктурные команды Google.\r\n\r\nИнструмент был разработан с «фокусом на новых инженерно-технических возможностях». Предполагается, что он позволит выйти далеко за рамки существующих инструментов разработки.", "rating": 5}}, {"model": "newapp.post", "pk": 6, "fields": {"author": 2, "categoryType": "NW", "dateCreation": "2024-02-17T12:34:44.219Z", "title": "Баг в Microsoft Edge не позволяет открывать загруженный файл одним щелчком мыши, приходится кликать много раз", "text": "Баг в последних версиях Microsoft Edge (120 и 121) не позволяет открывать загруженный файл одним щелчком мыши. Пользователям приходится кликать на файл много раз (два, три или даже четыре) для выполнения этой простой операции, причём число кликов каждый раз определяется случайным образом. До выхода версии Edge 119.0.2151.97 в ноябре 2023 года скачанные файлы в браузере открывались в один клик.\r\n\r\nПроблема в том, что у пользователей Edge может возникнуть ощущение, что их ПК завис, мышка сломалась или они вдруг не могут вспомнить, щёлкнули они по нужному файлу или нет.\r\n\r\nОперационная система Windows позволяет настроить, требуется ли для открытия файлов и папок один или два щелчка мыши, но эта функция не влияет на загрузки в Microsoft Edge. Кроме того, эта ошибка с увеличением количества кликов мышки носит периодический характер, а это значит, что иногда для открытия файла требуется два клика, а иногда и больше — браузер просто не может определиться и решить, сколько кликов достаточно.", "rating": 4}}, {"model": "newapp.post", "pk": 7, "fields": {"author": 2, "categoryType": "NW", "dateCreation": "2024-02-17T12:35:22.868Z", "title": "Windows 11 позволит подключаться к сетям Wi-Fi с помощью QR-кодов и приложения «Камера»", "text": "Чтобы опробовать функцию, нужно:\r\n\r\nобновить систему до сборки 26052 и запустить приложение «Камера». Для сканирования можно использовать как переднюю, так и заднюю камеру устройства;\r\n\r\nпереключить приложение в режим «Штрих-код», нажав кнопку с QR-кодом;\r\n\r\nнавести камеру на QR-код. Windows отобразит сведения о сети Wi-Fi, в том числе SSID, пароль и тип шифрования;\r\n\r\nкликнуть по ссылке, переключиться в приложение «Настройки» и подключиться к сети Wi-Fi.\r\n\r\nНачиная со сборки 25977, пользователь сможет нажать «Показать пароль» в приложении «Настройки», чтобы отобразить его и создать QR-код. Им можно будет поделиться, чтобы не вводить пароли.\r\n\r\nОбновлённое приложение «Камера» с возможностью сканирования QR-кодов сети Wi-Fi доступно всем инсайдерам на каналах Dev и Canary.", "rating": 6}}, {"model": "newapp.post", "pk": 8, "fields": {"author": 1, "categoryType": "NW", "dateCreation": "2024-02-17T12:35:54.941Z", "title": "Президент Microsoft рассказал, как компания будет бороться с «оскорбительным контентом, созданным ИИ»", "text": "Президент Microsoft Брэд Смит рассказал о том, как компания будет бороться с «оскорбительным контентом, созданным искусственным интеллектом». Он считает, что нейросети всё больше используются в повседневной жизни, а при отсутствии регулирования они могут стать новым инструментом для мошенничества, запугивания и шантажа.\r\n\r\nСмит опубликовал шесть сфер, в которых Microsoft планирует обеспечивать безопасность генерируемого контента. В первую очередь компания будет и дальше разрабатывать детальные фильтры, которые запрещают создание противоречивых и оскорбительных материалов. Пользователей, нарушающих правила платформ, будут блокировать.\r\n\r\nВместе с этим Microsoft будет внедрять системы маркировки сгенерированного контента. Сейчас такие инструменты используются в Microsoft Designer, Bing и Copilot. Компания планирует расширить системы маркировки и идентификации на все свои ИИ-решения.\r\n\r\nВ будущем компания планирует сотрудничать с другими представителями сферы и правоохранителями. Кроме того, потребуется научить общество отличать сгенерированный контент от настоящего.", "rating": 0}}, {"model": "newapp.post", "pk": 9, "fields": {"author": 2, "categoryType": "NW", "dateCreation": "2024-02-17T12:36:24.184Z", "title": "RCE-уязвимость в Outlook приводит к удаленному выполнению кода", "text": "Уязвимость, обнаруженная компанией Check Point, получила обозначение CVE-2024-21413. Она активируется при открытии электронных писем с вредоносными ссылками в уязвимых версиях Outlook. Уязвимость затрагивает несколько продуктов Office, включая Microsoft Office LTSC 2021, Microsoft 365 для предприятий, а также Microsoft Outlook 2016 и Microsoft Office 2019. \r\n\r\nУязвимость позволяет обходить встроенные защиты Outlook для вредоносных ссылок, встроенных в электронные письма, используя протокол file://, обращаясь через него к удалённому серверу злоумышленников.\r\n\r\nДобавление восклицательного знака сразу после расширения документа позволяет обойти ограничения безопасности Outlook. В этом случае при нажатии на ссылку приложение будет обращаться к удалённому ресурсу и открывать целевой файл без вывода предупреждений или ошибок.", "rating": 1}}, {"model": "newapp.post", "pk": 10, "fields": {"author": 2, "categoryType": "NW", "dateCreation": "2024-02-17T12:36:56.451Z", "title": "«ГалоПолимер» переводит производственные процессы на отечественную цифровую платформу", "text": "«ГалоПолимер Кирово-Чепецк» – филиал одного из крупнейших химических предприятий в России – завершил реализацию проекта по оптимизации технологических процессов. Включение российской платформы для предиктивной аналитики и управления техническим состоянием оборудования CyberStudio в производственный цикл химпредприятия позволит увеличить объем выработки метиленхлорида без привлечения дополнительных ресурсов или перенастройки оборудования. В ходе проектных работ производство «ГалоПолимер Кирово-Чепецк» было переведено на импортонезависимое решение при сохранении непрерывности всех критических бизнес-процессов. Все работы были выполнены специалистами К2Тех и CyberPhysics в короткие сроки – всего за три месяца.\r\n\r\nХолдинг «ГалоПолимер» – один из крупнейших мировых производителей фторполимерной продукции, а также хлорорганических соединений, широко используемых во многих отраслях промышленности. Перед компанией стояла задача увеличить объем выработки востребованного на рынке промышленного растворителя метиленхлорида на предприятии «ГалоПолимер Кирово-Чепецк».\r\n\r\nДля этого необходимо было оптимизировать технологический процесс производства этого вещества и повысить точность прогнозирования его выработки.", "rating": -1}}, {"model": "newapp.post", "pk": 11, "fields": {"author": 1, "categoryType": "NW", "dateCreation": "2024-02-17T12:37:27.634Z", "title": "Apple работает над аналогом GitHub Copilot для Spotlight и Xcode", "text": "Компания работала над этим инструментом в течение прошлого года, чтобы сделать его частью основной версии Xcode, флагманского ПО Apple для программирования. По словам источников, компания расширила внутреннее тестирование функций и увеличила темпы разработки в преддверии выпуска инструмента для сторонних производителей программного обеспечения уже в этом году. \r\n\r\nНовая система будет работать аналогично GitHub Copilot. Она задействует искусственный интеллект для прогнозирования и завершения блоков кода. Apple также изучает возможность использования ИИ в генерации кода для тестирования приложений. В настоящее время компания подталкивает некоторых инженеров к проверке работы новых функций в рамках собственной разработки.\r\n\r\nКомпания изучает возможность обновления версии Spotlight, общесистемной функции поиска Apple. Она позволит переключаться между конкретными функциями приложений и отвечать на сложные запросы на основе данных, полученных из больших языковых моделей. Ранние проекты обновления Spotlight включали использование моделей для ответа на более сложные вопросы и возможность более глубокого использования приложений для запуска определённых функций. Текущая версия же в основном ограничивается запуском приложений, выполнением базового поиска в Интернете и получением информации о погоде или спортивных результатов.", "rating": -2}}, {"model": "newapp.post", "pk": 12, "fields": {"author": 2, "categoryType": "NW", "dateCreation": "2024-02-17T12:37:58.848Z", "title": "В DLBI проанализировали скомпрометированные уникальные пары почты и паролей за 2023 год", "text": "-В DLBI использовали данные из сообществ, которые занимаются восстановлением паролей из хешей (например, hashmob.net), теневых форумов и Telegram-каналов с массовыми утечками.\r\n\r\nКомпания отмечает, что в 2023 году в открытом доступе появилось примерно 200 млн неуникальных учётных записей. Самыми крупными стали утечки с игрового сервера lsbg.net, аналитической компании zacks.com, медицинской лаборатории helix.ru, мобильного приложения для оплаты парковки в Северной Америке parkmobile.us и сервиса подбора микрозаймов qzaem.ru.", "rating": -2}}, {"model": "newapp.post", "pk": 18, "fields": {"author": 1, "categoryType": "AR", "dateCreation": "2024-03-14T10:26:27.867Z", "title": "1", "text": "2", "rating": 0}}, {"model": "newapp.postcategory", "pk": 5, "fields": {"postThrough": 1, "categoryThrough": 4}}, {"model": "newapp.postcategory", "pk": 6, "fields": {"postThrough": 2, "categoryThrough": 3}}, {"model": "newapp.postcategory", "pk": 7, "fields": {"postThrough": 3, "categoryThrough": 2}}, {"model": "newapp.postcategory", "pk": 8, "fields": {"postThrough": 4, "categoryThrough": 1}}, {"model": "newapp.postcategory", "pk": 9, "fields": {"postThrough": 5, "categoryThrough": 4}}, {"model": "newapp.postcategory", "pk": 10, "fields": {"postThrough": 6, "categoryThrough": 3}}, {"model": "newapp.postcategory", "pk": 11, "fields": {"postThrough": 7, "categoryThrough": 2}}, {"model": "newapp.postcategory", "pk": 12, "fields": {"postThrough": 8, "categoryThrough": 1}}, {"model": "newapp.postcategory", "pk": 13, "fields": {"postThrough": 9, "categoryThrough": 4}}, {"model": "newapp.postcategory", "pk": 14, "fields": {"postThrough": 10, "categoryThrough": 3}}, {"model": "newapp.postcategory", "pk": 15, "fields": {"postThrough": 11, "categoryThrough": 2}}, {"model": "newapp.postcategory", "pk": 16, "fields": {"postThrough": 12, "categoryThrough": 1}}, {"model": "newapp.comment", "pk": 1, "fields": {"commentPost": 1, "commentUser": 1, "text": "author's comment", "dateCreation": "2024-02-09T18:47:07.913Z", "rating": 2}}, {"model": "newapp.comment", "pk": 2, "fields": {"commentPost": 2, "commentUser": 2, "text": "author's 2 comment", "dateCreation": "2024-02-09T18:47:18.372Z", "rating": 1}}, {"model": "newapp.comment", "pk": 3, "fields": {"commentPost": 3, "commentUser": 1, "text": "author's  comment 2", "dateCreation": "2024-02-09T18:47:26.185Z", "rating": -1}}, {"model": "newapp.comment", "pk": 4, "fields": {"commentPost": 1, "commentUser": 2, "text": "author's 2 comment 2", "dateCreation": "2024-02-09T18:47:36.001Z", "rating": -2}}, {"model": "sites.site", "pk": 1, "fields": {"domain": "example.com", "name": "example.com"}}, {"model": "account.emailaddress", "pk": 13, "fields": {"user": 16, "email": "2philqa@gmail.com", "verified": false, "primary": true}}, {"model": "django_apscheduler.djangojob", "pk": "delete_old_job_executions", "fields": {"next_run_time": "2024-03-08T17:00:00Z", "job_state": "gAWVUQQAAAAAAAB9lCiMB3ZlcnNpb26USwGMAmlklIwZZGVsZXRlX29sZF9qb2JfZXhlY3V0aW9uc5SMBGZ1bmOUjENuZXdhcHAubWFuYWdlbWVudC5jb21tYW5kcy5ydW5hcHNjaGVkdWxlcjpkZWxldGVfb2xkX2pvYl9leGVjdXRpb25zlIwHdHJpZ2dlcpSMGWFwc2NoZWR1bGVyLnRyaWdnZXJzLmNyb26UjAtDcm9uVHJpZ2dlcpSTlCmBlH2UKGgBSwKMCHRpbWV6b25llIwIYnVpbHRpbnOUjAdnZXRhdHRylJOUjAh6b25laW5mb5SMCFpvbmVJbmZvlJOUjAlfdW5waWNrbGWUhpRSlIwDVVRDlEsBhpRSlIwKc3RhcnRfZGF0ZZROjAhlbmRfZGF0ZZROjAZmaWVsZHOUXZQojCBhcHNjaGVkdWxlci50cmlnZ2Vycy5jcm9uLmZpZWxkc5SMCUJhc2VGaWVsZJSTlCmBlH2UKIwEbmFtZZSMBHllYXKUjAppc19kZWZhdWx0lIiMC2V4cHJlc3Npb25zlF2UjCVhcHNjaGVkdWxlci50cmlnZ2Vycy5jcm9uLmV4cHJlc3Npb25zlIwNQWxsRXhwcmVzc2lvbpSTlCmBlH2UjARzdGVwlE5zYmF1YmgdjApNb250aEZpZWxklJOUKYGUfZQoaCKMBW1vbnRolGgkiGglXZRoKSmBlH2UaCxOc2JhdWJoHYwPRGF5T2ZNb250aEZpZWxklJOUKYGUfZQoaCKMA2RheZRoJIhoJV2UaCkpgZR9lGgsTnNiYXViaB2MCVdlZWtGaWVsZJSTlCmBlH2UKGgijAR3ZWVrlGgkiGglXZRoKSmBlH2UaCxOc2JhdWJoHYwORGF5T2ZXZWVrRmllbGSUk5QpgZR9lChoIowLZGF5X29mX3dlZWuUaCSJaCVdlGgnjBZXZWVrZGF5UmFuZ2VFeHByZXNzaW9ulJOUKYGUfZQoaCxOjAVmaXJzdJRLBIwEbGFzdJRLBHViYXViaB8pgZR9lChoIowEaG91cpRoJIloJV2UaCeMD1JhbmdlRXhwcmVzc2lvbpSTlCmBlH2UKGgsTmhPSxFoUEsRdWJhdWJoHymBlH2UKGgijAZtaW51dGWUaCSJaCVdlGhWKYGUfZQoaCxOaE9LAGhQSwB1YmF1YmgfKYGUfZQoaCKMBnNlY29uZJRoJIhoJV2UaFYpgZR9lChoLE5oT0sAaFBLAHViYXViZYwGaml0dGVylE51YowIZXhlY3V0b3KUjAdkZWZhdWx0lIwEYXJnc5QpjAZrd2FyZ3OUfZRoImgDjBJtaXNmaXJlX2dyYWNlX3RpbWWUSwGMCGNvYWxlc2NllIiMDW1heF9pbnN0YW5jZXOUSwGMDW5leHRfcnVuX3RpbWWUjAhkYXRldGltZZSMCGRhdGV0aW1llJOUQwoH6AMIEQAAAAAAlGgYhpRSlHUu"}}, {"model": "django_apscheduler.djangojob", "pk": "my_job", "fields": {"next_run_time": "2024-03-08T18:00:00Z", "job_state": "gAWVKwQAAAAAAAB9lCiMB3ZlcnNpb26USwGMAmlklIwGbXlfam9ilIwEZnVuY5SMMG5ld2FwcC5tYW5hZ2VtZW50LmNvbW1hbmRzLnJ1bmFwc2NoZWR1bGVyOm15X2pvYpSMB3RyaWdnZXKUjBlhcHNjaGVkdWxlci50cmlnZ2Vycy5jcm9ulIwLQ3JvblRyaWdnZXKUk5QpgZR9lChoAUsCjAh0aW1lem9uZZSMCGJ1aWx0aW5zlIwHZ2V0YXR0cpSTlIwIem9uZWluZm+UjAhab25lSW5mb5STlIwJX3VucGlja2xllIaUUpSMA1VUQ5RLAYaUUpSMCnN0YXJ0X2RhdGWUTowIZW5kX2RhdGWUTowGZmllbGRzlF2UKIwgYXBzY2hlZHVsZXIudHJpZ2dlcnMuY3Jvbi5maWVsZHOUjAlCYXNlRmllbGSUk5QpgZR9lCiMBG5hbWWUjAR5ZWFylIwKaXNfZGVmYXVsdJSIjAtleHByZXNzaW9uc5RdlIwlYXBzY2hlZHVsZXIudHJpZ2dlcnMuY3Jvbi5leHByZXNzaW9uc5SMDUFsbEV4cHJlc3Npb26Uk5QpgZR9lIwEc3RlcJROc2JhdWJoHYwKTW9udGhGaWVsZJSTlCmBlH2UKGgijAVtb250aJRoJIhoJV2UaCkpgZR9lGgsTnNiYXViaB2MD0RheU9mTW9udGhGaWVsZJSTlCmBlH2UKGgijANkYXmUaCSIaCVdlGgpKYGUfZRoLE5zYmF1YmgdjAlXZWVrRmllbGSUk5QpgZR9lChoIowEd2Vla5RoJIhoJV2UaCkpgZR9lGgsTnNiYXViaB2MDkRheU9mV2Vla0ZpZWxklJOUKYGUfZQoaCKMC2RheV9vZl93ZWVrlGgkiWglXZRoJ4wWV2Vla2RheVJhbmdlRXhwcmVzc2lvbpSTlCmBlH2UKGgsTowFZmlyc3SUSwSMBGxhc3SUSwR1YmF1YmgfKYGUfZQoaCKMBGhvdXKUaCSJaCVdlGgnjA9SYW5nZUV4cHJlc3Npb26Uk5QpgZR9lChoLE5oT0sSaFBLEnViYXViaB8pgZR9lChoIowGbWludXRllGgkiWglXZRoVimBlH2UKGgsTmhPSwBoUEsAdWJhdWJoHymBlH2UKGgijAZzZWNvbmSUaCSIaCVdlGhWKYGUfZQoaCxOaE9LAGhQSwB1YmF1YmWMBmppdHRlcpROdWKMCGV4ZWN1dG9ylIwHZGVmYXVsdJSMBGFyZ3OUKYwGa3dhcmdzlH2UaCJoA4wSbWlzZmlyZV9ncmFjZV90aW1llEsBjAhjb2FsZXNjZZSIjA1tYXhfaW5zdGFuY2VzlEsBjA1uZXh0X3J1bl90aW1llIwIZGF0ZXRpbWWUjAhkYXRldGltZZSTlEMKB+gDCBIAAAAAAJRoGIaUUpR1Lg=="}}]